protein;hlh;pas1;pas2;pac
A9YTQ3-2;35-89;114-180;;
AHR_HUMAN;34-88;113-179;272-342;348-389
ARNT2_HUMAN;69-122;137-204;325-391;398-441
ARNT_HUMAN;95-148;163-230;349-417;424-467
ASCL1_HUMAN;124-176;;;
ASCL2_HUMAN;56-108;;;
ASCL5_HUMAN;161-213;;;
ATOH1_HUMAN;165-217;;;
ATOH8_HUMAN;236-288;;;
BHA09_HUMAN;71-123;;;
BHA15_HUMAN;81-133;;;
BHE22_HUMAN;248-302;;;
BMAL2_HUMAN;113-116;181-248;359-425;432-475
CLOCK_HUMAN;40-90;109-175;264-330;336-379
COE2_HUMAN;337-386;;;
,EPAS1_HUMAN;20-75;86-152;232-298;304-347
FIGLA_HUMAN;71-123;;;
HAND1_HUMAN;100-152;;;
HELT_HUMAN;60-156;;;
HES2_HUMAN;19-76;;;
HES3_HUMAN;Jan-55;;;
HES5_HUMAN;22-78;;;
HES6_HUMAN;31-80;;;
Q9BYE0-2;18-75;;;
HEYL_HUMAN;49-104;;;
HIF1A_HUMAN;23-78;87-153;230296;302-345
HIF3A_HUMAN;20-75;84-150;227-295;301-344
Q99081-3;607-660;;;
ID3_HUMAN;32-86;;;
K2018_HUMAN;24-75;;;
LYL1_HUMAN;156-208;;;
MAD3_HUMAN;63-115;;;
MESP1_HUMAN;88-142;;;
MESP2_HUMAN;87-141;;;
O75030-2;311-364;;;
MLXIP_HUMAN;725-775;;;
MLXPL_HUMAN;655-709;;;
MNT_HUMAN;226-277;;;
MSGN1_HUMAN;130-184;;;
P50539-3;140-192;;;
MYCN_HUMAN;387-439;;;
MYOD1_HUMAN;115-116;;;
NCOA1_HUMAN;29-86;111-178;;
NCOA3_HUMAN;31-88;112-178;;
NDF1_HUMAN;107-159;;;
NDF4_HUMAN;93-145;;;
NGN1_HUMAN;98-150;;;
NGN2_HUMAN;118-170;;;
NGN3_HUMAN;89-141;;;
NPAS1_HUMAN;51-106;137-203;293-359;365-408
NPAS3_HUMAN;57-112;149-215;393-436;
OLIG1_HUMAN;111-170;;;
OLIG3_HUMAN;89-143;;;
PTF1A_HUMAN;169-221;;;
SCX_HUMAN;81-133;;;
SIM2_HUMAN;Jun-58;79-145;220-286;292-235
Q5JUK2-2;59-109;;;
Q9NX45-3;284-335;;;
SRBP2_HUMAN;336-386;;;
TAL1_HUMAN;193-245;;;
TCF15_HUMAN;78-130;;;
TCF24_HUMAN;55-107;;;
TCFL5_HUMAN;406-456;;;
TFAP4_HUMAN;54-105;;;
TFE2_HUMAN;555-608;;;
TFE3_HUMAN;352-405;;;
TWST1_HUMAN;114-165;;;
USF2_HUMAN;241-296;;;
TFEB_HUMAN;241-294;;;
C9JSJ3_HUMAN;69-122;;;
MAD4_HUMAN;59-111;;;
E9PB28_HUMAN;66-123;;;
E9PEI2_HUMAN;336-385;;;
NPAS2_HUMAN;15-65;84-150;239-305;311-354
Q9H4W6-2;338-387;;;
UPI0000D624FF;375-427;;;
TFEC_HUMAN;145-198;;;
ENSP00000455984;574-627;;;
ENSP00000374357;78-131;146-213;327-393;400-443
ENSP00000351175;20-71;;;
ENSP00000435770;99-151;;;
ENSP00000348069;359-409;;;
ENSP00000338272;55-114;;;
ENSP00000380494;317-369;;;
ENSP00000345420;79-131;;;
